Moscow Classic 2019. 2 этап;2019-06-29 09:00:00
Дикая мята 2019;2019-06-28 12:00:00
Песчаная сказка;2019-08-03 13:00:00
Park Live 2019;2019-07-12 17:00:00
Чемпионат Европы по пляжному волейболу 2019;2019-08-05 18:30:00
Джазовые сезоны;2019-07-06 15:00:00
Russian Tattoo Expo;2019-08-31 00:00:00
Сияние;2019-07-11 00:00:00
Все оттенки голубого;2019-06-29 00:00:00
Леди Совершенство с Нонной Гришаевой;2019-09-07 16:00:00
Todd;2019-08-09 00:00:00
1_Moscow Classic 2019. 2 этап;2019-06-29 09:00:00
1_Дикая мята 2019;2019-06-28 12:00:00
1_Песчаная сказка;2019-08-03 13:00:00
1_Park Live 2019;2019-07-12 17:00:00
1_Чемпионат Европы по пляжному волейболу 2019;2019-08-05 18:30:00
1_Джазовые сезоны;2019-07-06 15:00:00
1_Russian Tattoo Expo;2019-08-31 00:00:00
1_Сияние;2019-07-11 00:00:00
1_Все оттенки голубого;2019-06-29 00:00:00
1_Леди Совершенство с Нонной Гришаевой;2019-09-07 16:00:00
1_Todd;2019-08-09 00:00:00
1_Moscow Classic 2019. 2 этап;2018-06-29 09:00:00
1_Дикая мята 2019;2017-06-28 12:00:00
1_Песчаная сказка;2019-08-03 13:00:00
1_Park Live 2019;2019-07-12 17:00:00
1_Чемпионат Европы по пляжному волейболу 2019;2019-08-05 18:30:00
1_Джазовые сезоны;2019-07-06 15:00:00
1_Russian Tattoo Expo;2020-08-31 00:00:00
1_Сияние;2021-07-11 00:00:00
1_Все оттенки голубого;2020-01-29 00:00:00
1_Леди Совершенство с Нонной Гришаевой;2019-09-07 16:00:00
1_Todd;2019-08-09 00:00:00
